path,filename,original_class,class,width,height,mode
C:\Users\Usuario\.cache\kagglehub\datasets\adityamahimkar\iqothnccd-lung-cancer-dataset\versions\2\The IQ-OTHNCCD lung cancer dataset\The IQ-OTHNCCD lung cancer dataset\Malignant cases\Malignant case (180).jpg,Malignant case (180).jpg,Malignant cases,malignant,511,404,RGB
C:\Users\Usuario\.cache\kagglehub\datasets\adityamahimkar\iqothnccd-lung-cancer-dataset\versions\2\The IQ-OTHNCCD lung cancer dataset\The IQ-OTHNCCD lung cancer dataset\Malignant cases\Malignant case (200).jpg,Malignant case (200).jpg,Malignant cases,malignant,801,512,RGB
C:\Users\Usuario\.cache\kagglehub\datasets\adityamahimkar\iqothnccd-lung-cancer-dataset\versions\2\The IQ-OTHNCCD lung cancer dataset\The IQ-OTHNCCD lung cancer dataset\Malignant cases\Malignant case (201).jpg,Malignant case (201).jpg,Malignant cases,malignant,801,512,RGB
C:\Users\Usuario\.cache\kagglehub\datasets\adityamahimkar\iqothnccd-lung-cancer-dataset\versions\2\The IQ-OTHNCCD lung cancer dataset\The IQ-OTHNCCD lung cancer dataset\Malignant cases\Malignant case (202).jpg,Malignant case (202).jpg,Malignant cases,malignant,801,512,RGB
C:\Users\Usuario\.cache\kagglehub\datasets\adityamahimkar\iqothnccd-lung-cancer-dataset\versions\2\The IQ-OTHNCCD lung cancer dataset\The IQ-OTHNCCD lung cancer dataset\Malignant cases\Malignant case (203).jpg,Malignant case (203).jpg,Malignant cases,malignant,801,512,RGB
C:\Users\Usuario\.cache\kagglehub\datasets\adityamahimkar\iqothnccd-lung-cancer-dataset\versions\2\The IQ-OTHNCCD lung cancer dataset\The IQ-OTHNCCD lung cancer dataset\Malignant cases\Malignant case (204).jpg,Malignant case (204).jpg,Malignant cases,malignant,801,512,RGB
C:\Users\Usuario\.cache\kagglehub\datasets\adityamahimkar\iqothnccd-lung-cancer-dataset\versions\2\The IQ-OTHNCCD lung cancer dataset\The IQ-OTHNCCD lung cancer dataset\Malignant cases\Malignant case (205).jpg,Malignant case (205).jpg,Malignant cases,malignant,801,512,RGB
C:\Users\Usuario\.cache\kagglehub\datasets\adityamahimkar\iqothnccd-lung-cancer-dataset\versions\2\The IQ-OTHNCCD lung cancer dataset\The IQ-OTHNCCD lung cancer dataset\Malignant cases\Malignant case (206).jpg,Malignant case (206).jpg,Malignant cases,malignant,801,512,RGB
C:\Users\Usuario\.cache\kagglehub\datasets\adityamahimkar\iqothnccd-lung-cancer-dataset\versions\2\The IQ-OTHNCCD lung cancer dataset\The IQ-OTHNCCD lung cancer dataset\Malignant cases\Malignant case (207).jpg,Malignant case (207).jpg,Malignant cases,malignant,801,512,RGB
C:\Users\Usuario\.cache\kagglehub\datasets\adityamahimkar\iqothnccd-lung-cancer-dataset\versions\2\The IQ-OTHNCCD lung cancer dataset\The IQ-OTHNCCD lung cancer dataset\Malignant cases\Malignant case (208).jpg,Malignant case (208).jpg,Malignant cases,malignant,801,512,RGB
C:\Users\Usuario\.cache\kagglehub\datasets\adityamahimkar\iqothnccd-lung-cancer-dataset\versions\2\The IQ-OTHNCCD lung cancer dataset\The IQ-OTHNCCD lung cancer dataset\Malignant cases\Malignant case (209).jpg,Malignant case (209).jpg,Malignant cases,malignant,801,512,RGB
C:\Users\Usuario\.cache\kagglehub\datasets\adityamahimkar\iqothnccd-lung-cancer-dataset\versions\2\The IQ-OTHNCCD lung cancer dataset\The IQ-OTHNCCD lung cancer dataset\Malignant cases\Malignant case (210).jpg,Malignant case (210).jpg,Malignant cases,malignant,801,512,RGB
C:\Users\Usuario\.cache\kagglehub\datasets\adityamahimkar\iqothnccd-lung-cancer-dataset\versions\2\The IQ-OTHNCCD lung cancer dataset\The IQ-OTHNCCD lung cancer dataset\Malignant cases\Malignant case (211).jpg,Malignant case (211).jpg,Malignant cases,malignant,801,512,RGB
C:\Users\Usuario\.cache\kagglehub\datasets\adityamahimkar\iqothnccd-lung-cancer-dataset\versions\2\The IQ-OTHNCCD lung cancer dataset\The IQ-OTHNCCD lung cancer dataset\Malignant cases\Malignant case (212).jpg,Malignant case (212).jpg,Malignant cases,malignant,801,512,RGB
C:\Users\Usuario\.cache\kagglehub\datasets\adityamahimkar\iqothnccd-lung-cancer-dataset\versions\2\The IQ-OTHNCCD lung cancer dataset\The IQ-OTHNCCD lung cancer dataset\Malignant cases\Malignant case (213).jpg,Malignant case (213).jpg,Malignant cases,malignant,801,512,RGB
C:\Users\Usuario\.cache\kagglehub\datasets\adityamahimkar\iqothnccd-lung-cancer-dataset\versions\2\The IQ-OTHNCCD lung cancer dataset\The IQ-OTHNCCD lung cancer dataset\Malignant cases\Malignant case (214).jpg,Malignant case (214).jpg,Malignant cases,malignant,801,512,RGB
C:\Users\Usuario\.cache\kagglehub\datasets\adityamahimkar\iqothnccd-lung-cancer-dataset\versions\2\The IQ-OTHNCCD lung cancer dataset\The IQ-OTHNCCD lung cancer dataset\Malignant cases\Malignant case (215).jpg,Malignant case (215).jpg,Malignant cases,malignant,801,512,RGB
C:\Users\Usuario\.cache\kagglehub\datasets\adityamahimkar\iqothnccd-lung-cancer-dataset\versions\2\The IQ-OTHNCCD lung cancer dataset\The IQ-OTHNCCD lung cancer dataset\Malignant cases\Malignant case (216).jpg,Malignant case (216).jpg,Malignant cases,malignant,801,512,RGB
C:\Users\Usuario\.cache\kagglehub\datasets\adityamahimkar\iqothnccd-lung-cancer-dataset\versions\2\The IQ-OTHNCCD lung cancer dataset\The IQ-OTHNCCD lung cancer dataset\Malignant cases\Malignant case (217).jpg,Malignant case (217).jpg,Malignant cases,malignant,801,512,RGB
C:\Users\Usuario\.cache\kagglehub\datasets\adityamahimkar\iqothnccd-lung-cancer-dataset\versions\2\The IQ-OTHNCCD lung cancer dataset\The IQ-OTHNCCD lung cancer dataset\Malignant cases\Malignant case (218).jpg,Malignant case (218).jpg,Malignant cases,malignant,801,512,RGB
C:\Users\Usuario\.cache\kagglehub\datasets\adityamahimkar\iqothnccd-lung-cancer-dataset\versions\2\The IQ-OTHNCCD lung cancer dataset\The IQ-OTHNCCD lung cancer dataset\Malignant cases\Malignant case (219).jpg,Malignant case (219).jpg,Malignant cases,malignant,801,512,RGB
C:\Users\Usuario\.cache\kagglehub\datasets\adityamahimkar\iqothnccd-lung-cancer-dataset\versions\2\The IQ-OTHNCCD lung cancer dataset\The IQ-OTHNCCD lung cancer dataset\Malignant cases\Malignant case (220).jpg,Malignant case (220).jpg,Malignant cases,malignant,801,512,RGB
C:\Users\Usuario\.cache\kagglehub\datasets\adityamahimkar\iqothnccd-lung-cancer-dataset\versions\2\The IQ-OTHNCCD lung cancer dataset\The IQ-OTHNCCD lung cancer dataset\Malignant cases\Malignant case (221).jpg,Malignant case (221).jpg,Malignant cases,malignant,801,512,RGB
C:\Users\Usuario\.cache\kagglehub\datasets\adityamahimkar\iqothnccd-lung-cancer-dataset\versions\2\The IQ-OTHNCCD lung cancer dataset\The IQ-OTHNCCD lung cancer dataset\Malignant cases\Malignant case (222).jpg,Malignant case (222).jpg,Malignant cases,malignant,801,512,RGB
C:\Users\Usuario\.cache\kagglehub\datasets\adityamahimkar\iqothnccd-lung-cancer-dataset\versions\2\The IQ-OTHNCCD lung cancer dataset\The IQ-OTHNCCD lung cancer dataset\Malignant cases\Malignant case (223).jpg,Malignant case (223).jpg,Malignant cases,malignant,801,512,RGB
C:\Users\Usuario\.cache\kagglehub\datasets\adityamahimkar\iqothnccd-lung-cancer-dataset\versions\2\The IQ-OTHNCCD lung cancer dataset\The IQ-OTHNCCD lung cancer dataset\Malignant cases\Malignant case (224).jpg,Malignant case (224).jpg,Malignant cases,malignant,801,512,RGB
C:\Users\Usuario\.cache\kagglehub\datasets\adityamahimkar\iqothnccd-lung-cancer-dataset\versions\2\The IQ-OTHNCCD lung cancer dataset\The IQ-OTHNCCD lung cancer dataset\Malignant cases\Malignant case (225).jpg,Malignant case (225).jpg,Malignant cases,malignant,801,512,RGB
C:\Users\Usuario\.cache\kagglehub\datasets\adityamahimkar\iqothnccd-lung-cancer-dataset\versions\2\The IQ-OTHNCCD lung cancer dataset\The IQ-OTHNCCD lung cancer dataset\Malignant cases\Malignant case (226).jpg,Malignant case (226).jpg,Malignant cases,malignant,801,512,RGB
C:\Users\Usuario\.cache\kagglehub\datasets\adityamahimkar\iqothnccd-lung-cancer-dataset\versions\2\The IQ-OTHNCCD lung cancer dataset\The IQ-OTHNCCD lung cancer dataset\Malignant cases\Malignant case (227).jpg,Malignant case (227).jpg,Malignant cases,malignant,801,512,RGB
C:\Users\Usuario\.cache\kagglehub\datasets\adityamahimkar\iqothnccd-lung-cancer-dataset\versions\2\The IQ-OTHNCCD lung cancer dataset\The IQ-OTHNCCD lung cancer dataset\Malignant cases\Malignant case (228).jpg,Malignant case (228).jpg,Malignant cases,malignant,623,512,RGB
C:\Users\Usuario\.cache\kagglehub\datasets\adityamahimkar\iqothnccd-lung-cancer-dataset\versions\2\The IQ-OTHNCCD lung cancer dataset\The IQ-OTHNCCD lung cancer dataset\Malignant cases\Malignant case (229).jpg,Malignant case (229).jpg,Malignant cases,malignant,623,512,RGB
C:\Users\Usuario\.cache\kagglehub\datasets\adityamahimkar\iqothnccd-lung-cancer-dataset\versions\2\The IQ-OTHNCCD lung cancer dataset\The IQ-OTHNCCD lung cancer dataset\Malignant cases\Malignant case (230).jpg,Malignant case (230).jpg,Malignant cases,malignant,623,512,RGB
C:\Users\Usuario\.cache\kagglehub\datasets\adityamahimkar\iqothnccd-lung-cancer-dataset\versions\2\The IQ-OTHNCCD lung cancer dataset\The IQ-OTHNCCD lung cancer dataset\Malignant cases\Malignant case (231).jpg,Malignant case (231).jpg,Malignant cases,malignant,623,512,RGB
C:\Users\Usuario\.cache\kagglehub\datasets\adityamahimkar\iqothnccd-lung-cancer-dataset\versions\2\The IQ-OTHNCCD lung cancer dataset\The IQ-OTHNCCD lung cancer dataset\Malignant cases\Malignant case (232).jpg,Malignant case (232).jpg,Malignant cases,malignant,623,512,RGB
C:\Users\Usuario\.cache\kagglehub\datasets\adityamahimkar\iqothnccd-lung-cancer-dataset\versions\2\The IQ-OTHNCCD lung cancer dataset\The IQ-OTHNCCD lung cancer dataset\Malignant cases\Malignant case (233).jpg,Malignant case (233).jpg,Malignant cases,malignant,623,512,RGB
C:\Users\Usuario\.cache\kagglehub\datasets\adityamahimkar\iqothnccd-lung-cancer-dataset\versions\2\The IQ-OTHNCCD lung cancer dataset\The IQ-OTHNCCD lung cancer dataset\Malignant cases\Malignant case (234).jpg,Malignant case (234).jpg,Malignant cases,malignant,623,512,RGB
C:\Users\Usuario\.cache\kagglehub\datasets\adityamahimkar\iqothnccd-lung-cancer-dataset\versions\2\The IQ-OTHNCCD lung cancer dataset\The IQ-OTHNCCD lung cancer dataset\Malignant cases\Malignant case (235).jpg,Malignant case (235).jpg,Malignant cases,malignant,623,512,RGB
C:\Users\Usuario\.cache\kagglehub\datasets\adityamahimkar\iqothnccd-lung-cancer-dataset\versions\2\The IQ-OTHNCCD lung cancer dataset\The IQ-OTHNCCD lung cancer dataset\Malignant cases\Malignant case (236).jpg,Malignant case (236).jpg,Malignant cases,malignant,623,512,RGB
C:\Users\Usuario\.cache\kagglehub\datasets\adityamahimkar\iqothnccd-lung-cancer-dataset\versions\2\The IQ-OTHNCCD lung cancer dataset\The IQ-OTHNCCD lung cancer dataset\Malignant cases\Malignant case (237).jpg,Malignant case (237).jpg,Malignant cases,malignant,623,512,RGB
C:\Users\Usuario\.cache\kagglehub\datasets\adityamahimkar\iqothnccd-lung-cancer-dataset\versions\2\The IQ-OTHNCCD lung cancer dataset\The IQ-OTHNCCD lung cancer dataset\Malignant cases\Malignant case (238).jpg,Malignant case (238).jpg,Malignant cases,malignant,623,512,RGB
C:\Users\Usuario\.cache\kagglehub\datasets\adityamahimkar\iqothnccd-lung-cancer-dataset\versions\2\The IQ-OTHNCCD lung cancer dataset\The IQ-OTHNCCD lung cancer dataset\Malignant cases\Malignant case (239).jpg,Malignant case (239).jpg,Malignant cases,malignant,623,512,RGB
C:\Users\Usuario\.cache\kagglehub\datasets\adityamahimkar\iqothnccd-lung-cancer-dataset\versions\2\The IQ-OTHNCCD lung cancer dataset\The IQ-OTHNCCD lung cancer dataset\Malignant cases\Malignant case (240).jpg,Malignant case (240).jpg,Malignant cases,malignant,623,512,RGB
C:\Users\Usuario\.cache\kagglehub\datasets\adityamahimkar\iqothnccd-lung-cancer-dataset\versions\2\The IQ-OTHNCCD lung cancer dataset\The IQ-OTHNCCD lung cancer dataset\Malignant cases\Malignant case (241).jpg,Malignant case (241).jpg,Malignant cases,malignant,623,512,RGB
C:\Users\Usuario\.cache\kagglehub\datasets\adityamahimkar\iqothnccd-lung-cancer-dataset\versions\2\The IQ-OTHNCCD lung cancer dataset\The IQ-OTHNCCD lung cancer dataset\Malignant cases\Malignant case (242).jpg,Malignant case (242).jpg,Malignant cases,malignant,623,512,RGB
C:\Users\Usuario\.cache\kagglehub\datasets\adityamahimkar\iqothnccd-lung-cancer-dataset\versions\2\The IQ-OTHNCCD lung cancer dataset\The IQ-OTHNCCD lung cancer dataset\Malignant cases\Malignant case (243).jpg,Malignant case (243).jpg,Malignant cases,malignant,623,512,RGB
C:\Users\Usuario\.cache\kagglehub\datasets\adityamahimkar\iqothnccd-lung-cancer-dataset\versions\2\The IQ-OTHNCCD lung cancer dataset\The IQ-OTHNCCD lung cancer dataset\Malignant cases\Malignant case (244).jpg,Malignant case (244).jpg,Malignant cases,malignant,623,512,RGB
C:\Users\Usuario\.cache\kagglehub\datasets\adityamahimkar\iqothnccd-lung-cancer-dataset\versions\2\The IQ-OTHNCCD lung cancer dataset\The IQ-OTHNCCD lung cancer dataset\Malignant cases\Malignant case (245).jpg,Malignant case (245).jpg,Malignant cases,malignant,623,512,RGB
C:\Users\Usuario\.cache\kagglehub\datasets\adityamahimkar\iqothnccd-lung-cancer-dataset\versions\2\The IQ-OTHNCCD lung cancer dataset\The IQ-OTHNCCD lung cancer dataset\Malignant cases\Malignant case (246).jpg,Malignant case (246).jpg,Malignant cases,malignant,623,512,RGB
C:\Users\Usuario\.cache\kagglehub\datasets\adityamahimkar\iqothnccd-lung-cancer-dataset\versions\2\The IQ-OTHNCCD lung cancer dataset\The IQ-OTHNCCD lung cancer dataset\Malignant cases\Malignant case (247).jpg,Malignant case (247).jpg,Malignant cases,malignant,623,512,RGB
C:\Users\Usuario\.cache\kagglehub\datasets\adityamahimkar\iqothnccd-lung-cancer-dataset\versions\2\The IQ-OTHNCCD lung cancer dataset\The IQ-OTHNCCD lung cancer dataset\Malignant cases\Malignant case (248).jpg,Malignant case (248).jpg,Malignant cases,malignant,623,512,RGB
C:\Users\Usuario\.cache\kagglehub\datasets\adityamahimkar\iqothnccd-lung-cancer-dataset\versions\2\The IQ-OTHNCCD lung cancer dataset\The IQ-OTHNCCD lung cancer dataset\Malignant cases\Malignant case (249).jpg,Malignant case (249).jpg,Malignant cases,malignant,623,512,RGB
C:\Users\Usuario\.cache\kagglehub\datasets\adityamahimkar\iqothnccd-lung-cancer-dataset\versions\2\The IQ-OTHNCCD lung cancer dataset\The IQ-OTHNCCD lung cancer dataset\Malignant cases\Malignant case (250).jpg,Malignant case (250).jpg,Malignant cases,malignant,623,512,RGB
C:\Users\Usuario\.cache\kagglehub\datasets\adityamahimkar\iqothnccd-lung-cancer-dataset\versions\2\The IQ-OTHNCCD lung cancer dataset\The IQ-OTHNCCD lung cancer dataset\Malignant cases\Malignant case (251).jpg,Malignant case (251).jpg,Malignant cases,malignant,623,512,RGB
C:\Users\Usuario\.cache\kagglehub\datasets\adityamahimkar\iqothnccd-lung-cancer-dataset\versions\2\The IQ-OTHNCCD lung cancer dataset\The IQ-OTHNCCD lung cancer dataset\Malignant cases\Malignant case (252).jpg,Malignant case (252).jpg,Malignant cases,malignant,623,512,RGB
C:\Users\Usuario\.cache\kagglehub\datasets\adityamahimkar\iqothnccd-lung-cancer-dataset\versions\2\The IQ-OTHNCCD lung cancer dataset\The IQ-OTHNCCD lung cancer dataset\Malignant cases\Malignant case (253).jpg,Malignant case (253).jpg,Malignant cases,malignant,623,512,RGB
C:\Users\Usuario\.cache\kagglehub\datasets\adityamahimkar\iqothnccd-lung-cancer-dataset\versions\2\The IQ-OTHNCCD lung cancer dataset\The IQ-OTHNCCD lung cancer dataset\Malignant cases\Malignant case (254).jpg,Malignant case (254).jpg,Malignant cases,malignant,623,512,RGB
C:\Users\Usuario\.cache\kagglehub\datasets\adityamahimkar\iqothnccd-lung-cancer-dataset\versions\2\The IQ-OTHNCCD lung cancer dataset\The IQ-OTHNCCD lung cancer dataset\Malignant cases\Malignant case (255).jpg,Malignant case (255).jpg,Malignant cases,malignant,623,512,RGB
C:\Users\Usuario\.cache\kagglehub\datasets\adityamahimkar\iqothnccd-lung-cancer-dataset\versions\2\The IQ-OTHNCCD lung cancer dataset\The IQ-OTHNCCD lung cancer dataset\Malignant cases\Malignant case (256).jpg,Malignant case (256).jpg,Malignant cases,malignant,623,512,RGB
C:\Users\Usuario\.cache\kagglehub\datasets\adityamahimkar\iqothnccd-lung-cancer-dataset\versions\2\The IQ-OTHNCCD lung cancer dataset\The IQ-OTHNCCD lung cancer dataset\Malignant cases\Malignant case (257).jpg,Malignant case (257).jpg,Malignant cases,malignant,623,512,RGB
C:\Users\Usuario\.cache\kagglehub\datasets\adityamahimkar\iqothnccd-lung-cancer-dataset\versions\2\The IQ-OTHNCCD lung cancer dataset\The IQ-OTHNCCD lung cancer dataset\Malignant cases\Malignant case (258).jpg,Malignant case (258).jpg,Malignant cases,malignant,623,512,RGB
C:\Users\Usuario\.cache\kagglehub\datasets\adityamahimkar\iqothnccd-lung-cancer-dataset\versions\2\The IQ-OTHNCCD lung cancer dataset\The IQ-OTHNCCD lung cancer dataset\Normal cases\Normal case (344).jpg,Normal case (344).jpg,Normal cases,normal,506,331,RGB
